<?xml version="1.0" encoding="UTF-8"?>
<metadata xml:lang="zh"><Esri><CreaDate>20210728</CreaDate><CreaTime>13425300</CreaTime><ArcGISFormat>1.0</ArcGISFormat><SyncOnce>TRUE</SyncOnce><DataProperties><lineage><Process ToolSource="c:\program files\arcgis\pro\Resources\ArcToolbox\Toolboxes\Data Management Tools.tbx\Rename" Date="20210728" Time="134253">Rename D:\Private\Crops\Heilongjiang_Crop\City\省级行政区.shp D:\Private\Crops\Heilongjiang_Crop\City\Heilongjiang_Boud.shp ShapeFile</Process><Process ToolSource="c:\program files\arcgis\pro\Resources\ArcToolbox\Toolboxes\Data Management Tools.tbx\Rename" Date="20210728" Time="134313">Rename D:\Private\Crops\Heilongjiang_Crop\City\Heilongjiang_Boud.shp "D:\Private\Crops\Heilongjiang_Crop\City\Heilongjiang Boundary.shp" ShapeFile</Process></lineage></DataProperties></Esri></metadata>
